FST;E-Mail
A2T;a2t@a2t-traitements.fr
AIMAT;sales@ai-materials.co.uk
AQUASIGN;info@aquasign.com
BECKC;hchoffart@beckcrespel.fr
BIMET;
BODYC;SVCI-COMMANDE.LATALAUDIERE@bodycote.com
CARCA;carcassonne.usinage.monnereau@orange.fr
CARPF;
CHROB;communications@chromobronze.com
CHROM;chromenic@wanadoo.fr
CIC;olivier.poveda@chromageindustriel.fr
CIR;beziers@cir.fr
DALPR;contact@sasmdv.com
DELSC;
DEVIL;com@deville-rectif.com
DNV;sebastien.leblanc@dnvgl.com
ECCI;contact@ecci.fr
EMCOA;
FORGR;sales.manager@forgiarapida.com
FORJA;constantinescum@forjaneptun.ro
GALVA;guy.delmas@galvadoc.com
GID;commercial.gid@wanadoo.fr
GULF;sara.fitzsimmons@parker.com
HALLITEITALIA;
HANSO;
HYDBO;annick.thebault@hydrobolt.co.uk
IMSFR;sboue@ims-group.com
KGRULMENTI;
LONE;til-sales@triplefast.co.uk
LONGVALE;
MAHER;info@maher.co.uk
MCA;commercial@mca-meca.com
MCENGINEERING;mcengbarefield@eircom.net
MECAM;m.million@mecamo.fr
MGP;contact@mgponcet.com
MGRP;mgr-pyrenees@wanadoo.fr
MPR;sarlmpr2@wanadoo.fr
MSA;sales@msa-meca.fr
NYLACAST;vicky.mistry@Nylacast.com
PALICOT;
SGSQU;fr_qualitest_industriel@sgs.com
SOFYM;grans@sofymetal.net
SOLME;clients@solmeca.com
SOLPEY;solpey@solpey.cat
SQA;emilyshaw@specialqualityalloys.com
THYSS;christophe.salettis@thyssen.fr
TMSTE;Melodie@tmsteels.co.uk
TSRHONE;tsr.tsrew@hef.fr
UNION;contact@union-des-forgerons.fr
UNIVE;mandy.blakey@usel.uk.com
USIREA;j.tarare@usirea.fr
VALLA;vallaforage@orange.fr
VERNE;contact@vernet-rectification.fr
